Date;Price;PE;Year End;ROE;Debt/Equity;Debt/Capital;Name;EPS;PEMarket;PESector;MarketRateOfReturn;RiskFreeRateOfReturn;Share Beta;Debt Equity/Industry;Shareholders Equity;Inflation Rate
2012/01/03;15.5;4.26;2012/06/30 00:00;27.19;6.29;5.98;SPUR;31.96; 17,56 ; 7,57 ;0,07;0,08; 1,87 ;11.68; 734,79 ;5,62
2012/01/10;15.48;4.26;2012/06/30 00:00;27.19;6.29;5.98;SPUR;31.97; 16,65 ; 11,01 ;0,07;0,08; 1,87 ;11.68; 734,79 ;5,62
2012/01/17;15.4;4.29;2012/06/30 00:00;27.19;6.29;5.98;SPUR;31.98; 17,16 ; 14,18 ;0,07;0,08; 1,87 ;11.68; 734,79 ;5,62
2012/01/24;15.4;4.29;2012/06/30 00:00;27.19;6.29;5.98;SPUR;31.99; 7,93 ; 9,04 ;0,07;0,08; 1,85 ;11.68; 734,79 ;5,62
2012/01/31;15.45;4.27;2012/06/30 00:00;27.19;6.29;5.98;SPUR;31.100; 19,76 ; 12,47 ;0,07;0,08; 1,84 ;11.68; 734,79 ;5,62
2012/02/07;15.4;4.29;2012/06/30 00:00;27.19;6.29;5.98;SPUR;31.101; 11,81 ; 10,23 ;0,07;0,08; 1,83 ;11.68; 734,79 ;5,62
2012/02/14;15.05;4.39;2012/06/30 00:00;27.19;6.29;5.98;SPUR;31.102; 14,00 ; 10,25 ;0,07;0,08; 1,65 ;11.68; 734,79 ;5,62
2012/02/21;15.32;4.31;2012/06/30 00:00;27.19;6.29;5.98;SPUR;31.103; 16,26 ; 13,91 ;0,07;0,08; 2,18 ;11.68; 806,00 ;5,62
2012/02/28;15.35;4.3;2012/06/30 00:00;27.19;6.29;5.98;SPUR;31.104; 17,09 ; 17,52 ;0,07;0,08; 2,25 ;11.68; 806,00 ;5,62
2012/03/06;15.95;4.58;2012/06/30 00:00;27.19;6.29;5.98;SPUR;31.105; 11,67 ; 15,79 ;0,07;0,08; 1,52 ;11.68; 806,00 ;5,62
2012/03/13;16.5;4.42;2012/06/30 00:00;27.19;6.29;5.98;SPUR;31.106; 13,01 ; 20,24 ;0,07;0,08; 1,48 ;11.68; 806,00 ;5,62
2012/03/20;16.25;4.49;2012/06/30 00:00;27.19;6.29;5.98;SPUR;31.107; 11,99 ; 16,70 ;0,07;0,08; 1,39 ;11.68; 806,00 ;5,62
2012/03/27;16.1;4.53;2012/06/30 00:00;27.19;6.29;5.98;SPUR;31.108; 14,24 ; 19,21 ;0,07;0,08; 1,48 ;11.68; 806,00 ;5,62
2012/04/03;16.7;4.37;2012/06/30 00:00;27.19;6.29;5.98;SPUR;31.109; 9,90 ; 18,45 ;0,07;0,08; 1,26 ;11.68; 806,00 ;5,62
2012/04/10;16.5;4.42;2012/06/30 00:00;27.19;6.29;5.98;SPUR;31.110; 19,42 ; 15,68 ;0,07;0,08; 1,27 ;11.68; 885,47 ;5,62
2012/04/17;16.56;4.41;2012/06/30 00:00;27.19;6.29;5.98;SPUR;31.111; 14,33 ; 18,67 ;0,07;0,08; 1,03 ;11.68; 885,47 ;5,62
2012/04/24;16.7;4.37;2012/06/30 00:00;27.19;6.29;5.98;SPUR;31.112; 11,93 ; 14,79 ;0,07;0,08; 1,14 ;11.68; 885,47 ;5,62
2012/05/01;16.5;4.42;2012/06/30 00:00;27.19;6.29;5.98;SPUR;31.113; 17,99 ; 12,66 ;0,07;0,08; 1,07 ;11.68; 885,47 ;5,62
2012/05/08;17.09;4.27;2012/06/30 00:00;27.19;6.29;5.98;SPUR;31.114; 17,48 ; 12,70 ;0,07;0,08; 0,92 ;11.68; 885,47 ;5,62
2012/05/15;17.0;4.29;2012/06/30 00:00;27.19;6.29;5.98;SPUR;31.115; 19,13 ; 11,41 ;0,07;0,08; 0,81 ;38.91; 885,47 ;5,62
2012/05/22;17.1;4.27;2012/06/30 00:00;27.19;6.29;5.98;SPUR;31.116; 30,87 ; 7,57 ;0,07;0,08; 0,74 ;38.91; 954,50 ;5,62
2012/05/29;16.5;4.42;2012/06/30 00:00;27.19;6.29;5.98;SPUR;31.117; 19,29 ; 11,01 ;0,07;0,08; 0,65 ;38.91; 954,50 ;5,62
2012/06/05;16.8;4.35;2012/06/30 00:00;27.19;6.29;5.98;SPUR;31.118; 18,43 ; 14,18 ;0,07;0,08; 0,69 ;38.91; 954,50 ;5,62
2012/06/12;15.9;4.59;2012/06/30 00:00;27.19;6.29;5.98;SPUR;31.119; 16,63 ; 9,04 ;0,07;0,08; 0,66 ;38.91; 954,50 ;5,62
2012/06/19;16.44;4.44;2012/06/30 00:00;27.19;6.29;5.98;SPUR;31.120; 14,64 ; 12,47 ;0,07;0,08; 0,27 ;38.91; 954,50 ;5,62
2012/06/26;17.3;4.22;2012/06/30 00:00;27.19;6.29;5.98;SPUR;31.121; 12,09 ; 10,23 ;0,07;0,08; 0,25 ;38.91; 954,50 ;5,62
2012/07/03;17.8;4.1;2013/06/30 00:00;29.17;4.44;4.3;SPUR;31.122; 11,31 ; 10,25 ;0,07;0,08; 0,18 ;38.91; 954,50 ;5,62
2012/07/10;17.5;4.17;2013/06/30 00:00;29.17;4.44;4.3;SPUR;31.123; 17,56 ; 13,91 ;0,07;0,08; 0,18 ;38.91; 1 057,57 ;5,62
2012/07/17;17.12;4.26;2013/06/30 00:00;29.17;4.44;4.3;SPUR;31.124; 16,65 ; 17,52 ;0,07;0,08; 0,15 ;38.91; 1 057,57 ;5,62
2012/07/24;17.15;4.26;2013/06/30 00:00;29.17;4.44;4.3;SPUR;31.125; 17,16 ; 15,79 ;0,07;0,08; 0,15 ;38.91; 1 057,57 ;5,62
2012/07/31;17.15;4.26;2013/06/30 00:00;29.17;4.44;4.3;SPUR;31.126; 7,93 ; 20,24 ;0,07;0,08; 0,06 ;38.91; 1 057,57 ;5,62
2012/08/07;17.5;4.17;2013/06/30 00:00;29.17;4.44;4.3;SPUR;31.127; 19,76 ; 16,70 ;0,07;0,08; 0,07 ;38.91; 1 057,57 ;5,62
2012/08/14;17.9;4.08;2013/06/30 00:00;29.17;4.44;4.3;SPUR;31.128; 11,81 ; 19,21 ;0,07;0,08; 0,07 ;38.91; 1 057,57 ;5,62
2012/08/21;17.9;4.08;2013/06/30 00:00;29.17;4.44;4.3;SPUR;31.129; 14,00 ; 18,45 ;0,07;0,08;-0,02 ;38.91; 1 185,90 ;5,62
2012/08/28;18.75;3.89;2013/06/30 00:00;29.17;4.44;4.3;SPUR;31.130; 16,26 ; 15,68 ;0,07;0,08;-0,01 ;38.91; 1 185,90 ;5,62
2012/09/04;19.25;3.79;2013/06/30 00:00;29.17;4.44;4.3;SPUR;31.131; 17,09 ; 18,67 ;0,07;0,08;-0,02 ;38.91; 1 185,90 ;5,62
2012/09/11;20.24;4.3;2013/06/30 00:00;29.17;4.44;4.3;SPUR;31.132; 11,67 ; 14,79 ;0,07;0,08;-0,24 ;38.91; 1 185,90 ;5,62
2012/09/18;21.38;4.07;2013/06/30 00:00;29.17;4.44;4.3;SPUR;31.133; 13,01 ; 12,66 ;0,07;0,08;-0,20 ;38.91; 1 185,90 ;5,62
2012/09/25;21.8;3.99;2013/06/30 00:00;29.17;4.44;4.3;SPUR;31.134; 11,99 ; 12,70 ;0,07;0,08;-0,18 ;38.91; 1 185,90 ;5,62
2012/10/02;21.9;3.97;2013/06/30 00:00;29.17;4.44;4.3;SPUR;31.135; 14,24 ; 11,41 ;0,07;0,08;-0,13 ;38.91; 1 335,00 ;5,62
2012/10/09;22.79;3.82;2013/06/30 00:00;29.17;4.44;4.3;SPUR;31.136; 9,90 ; 12,70 ;0,07;0,08;-0,14 ;38.91; 1 335,00 ;5,62
2012/10/16;22.2;3.92;2013/06/30 00:00;29.17;4.44;4.3;SPUR;31.137; 19,42 ; 7,57 ;0,07;0,08;-0,07 ;38.91; 1 335,00 ;5,62
2012/10/23;21.85;3.98;2013/06/30 00:00;29.17;4.44;4.3;SPUR;31.138; 14,33 ; 11,01 ;0,07;0,08; 0,02 ;38.91; 1 335,00 ;5,62
2012/10/30;21.7;4.01;2013/06/30 00:00;29.17;4.44;4.3;SPUR;31.139; 11,93 ; 14,18 ;0,07;0,08; 0,06 ;38.91; 1 335,00 ;5,62
2012/11/06;23.0;3.78;2013/06/30 00:00;29.17;4.44;4.3;SPUR;31.140; 17,99 ; 9,04 ;0,07;0,08; 0,11 ;38.91; 1 335,00 ;5,62
2012/11/13;23.0;3.78;2013/06/30 00:00;29.17;4.44;4.3;SPUR;31.141; 17,48 ; 12,47 ;0,07;0,08; 0,10 ;38.91; 1 480,50 ;5,62
2012/11/20;23.4;3.72;2013/06/30 00:00;29.17;4.44;4.3;SPUR;31.142; 19,13 ; 10,23 ;0,07;0,08; 0,16 ;38.91; 1 480,50 ;5,62
2012/11/27;24.0;3.63;2013/06/30 00:00;29.17;4.44;4.3;SPUR;31.143; 30,87 ; 10,25 ;0,07;0,08; 0,16 ;38.91; 1 480,50 ;5,62
2012/12/04;26.0;3.35;2013/06/30 00:00;29.17;4.44;4.3;SPUR;31.144; 19,29 ; 13,91 ;0,07;0,08; 0,46 ;38.91; 1 480,50 ;5,62
2012/12/11;23.2;3.75;2013/06/30 00:00;29.17;4.44;4.3;SPUR;31.145; 18,43 ; 17,52 ;0,07;0,08; 0,40 ;38.91; 1 480,50 ;5,62
2012/12/18;23.2;3.75;2013/06/30 00:00;29.17;4.44;4.3;SPUR;31.146; 16,63 ; 15,79 ;0,07;0,08; 0,39 ;38.91; 1 480,50 ;5,62
2012/12/25;23.0;3.78;2013/06/30 00:00;29.17;4.44;4.3;SPUR;31.147; 14,64 ; 20,24 ;0,07;0,08; 0,39 ;38.91; 1 500,40 ;5,62
2013/01/01;22.8;3.82;2013/06/30 00:00;29.17;4.44;4.3;SPUR;31.148; 12,09 ; 16,70 ;0,07;0,08; 0,41 ;38.91; 1 500,40 ;6,09
2013/01/08;23.47;3.71;2013/06/30 00:00;29.17;4.44;4.3;SPUR;31.149; 11,31 ; 19,21 ;0,07;0,08; 0,37 ;38.91; 1 500,40 ;6,09
2013/01/15;23.4;3.72;2013/06/30 00:00;29.17;4.44;4.3;SPUR;31.150; 17,56 ; 18,45 ;0,07;0,08; 0,45 ;38.91; 1 500,40 ;6,09
2013/01/22;23.75;3.66;2013/06/30 00:00;29.17;4.44;4.3;SPUR;31.151; 16,65 ; 15,68 ;0,07;0,08; 0,44 ;38.91; 1 500,40 ;6,09
2013/01/29;26.5;3.28;2013/06/30 00:00;29.17;4.44;4.3;SPUR;31.152; 17,16 ; 18,67 ;0,07;0,08; 0,43 ;38.91; 1 500,40 ;6,09
2013/02/05;26.9;3.23;2013/06/30 00:00;29.17;4.44;4.3;SPUR;31.153; 7,93 ; 14,79 ;0,07;0,08; 0,53 ;38.91; 1 703,80 ;6,09
2013/02/12;26.5;3.28;2013/06/30 00:00;29.17;4.44;4.3;SPUR;31.154; 19,76 ; 12,66 ;0,07;0,08; 0,50 ;38.91; 1 703,80 ;6,09
2013/02/19;25.9;3.36;2013/06/30 00:00;29.17;4.44;4.3;SPUR;31.155; 11,81 ; 12,70 ;0,07;0,08; 0,61 ;38.91; 1 703,80 ;6,09
2013/02/26;25.6;3.4;2013/06/30 00:00;29.17;4.44;4.3;SPUR;31.156; 14,00 ; 11,41 ;0,07;0,08; 0,61 ;38.91; 1 703,80 ;6,09
2013/03/05;25.98;3.35;2013/06/30 00:00;29.17;4.44;4.3;SPUR;31.157; 16,26 ; 7,57 ;0,07;0,08; 0,56 ;38.91; 1 703,80 ;6,09
2013/03/12;29.99;3.4;2013/06/30 00:00;29.17;4.44;4.3;SPUR;31.158; 17,09 ; 11,01 ;0,07;0,08; 0,51 ;38.91; 1 703,80 ;6,09
2013/03/19;29.35;3.48;2013/06/30 00:00;29.17;4.44;4.3;SPUR;31.159; 11,67 ; 14,18 ;0,07;0,08; 0,54 ;38.91; 1 836,00 ;6,09
2013/03/26;29.5;3.46;2013/06/30 00:00;29.17;4.44;4.3;SPUR;31.160; 13,01 ; 9,04 ;0,07;0,08; 0,58 ;38.91; 1 836,00 ;6,09
2013/04/02;29.69;3.44;2013/06/30 00:00;29.17;4.44;4.3;SPUR;31.161; 11,99 ; 12,47 ;0,07;0,08; 0,72 ;38.91; 1 836,00 ;6,09
2013/04/09;29.3;3.48;2013/06/30 00:00;29.17;4.44;4.3;SPUR;31.162; 14,24 ; 10,23 ;0,07;0,08; 0,72 ;38.91; 1 836,00 ;6,09
2013/04/16;29.33;3.48;2013/06/30 00:00;29.17;4.44;4.3;SPUR;31.163; 9,90 ; 10,25 ;0,07;0,08; 0,71 ;38.91; 1 836,00 ;6,09
2013/04/23;30.5;3.34;2013/06/30 00:00;29.17;4.44;4.3;SPUR;31.164; 19,42 ; 13,91 ;0,07;0,08; 0,68 ;38.91; 1 836,00 ;6,09
2013/04/30;30.2;3.38;2013/06/30 00:00;29.17;4.44;4.3;SPUR;31.165; 14,33 ; 17,52 ;0,07;0,08; 0,65 ;38.91; 1 836,00 ;6,09
2013/05/07;30.5;3.34;2013/06/30 00:00;29.17;4.44;4.3;SPUR;31.166; 11,93 ; 15,79 ;0,07;0,08; 0,70 ;38.91; 1 928,00 ;6,09
2013/05/14;29.95;3.41;2013/06/30 00:00;29.17;4.44;4.3;SPUR;31.167; 17,99 ; 20,24 ;0,07;0,08; 0,71 ;15.91; 1 928,00 ;6,09
2013/05/21;30.85;3.31;2013/06/30 00:00;29.17;4.44;4.3;SPUR;31.168; 17,48 ; 16,70 ;0,07;0,08; 0,87 ;15.91; 1 928,00 ;6,09
2013/05/28;29.31;3.48;2013/06/30 00:00;29.17;4.44;4.3;SPUR;31.169; 19,13 ; 19,21 ;0,07;0,08; 0,86 ;15.91; 1 928,00 ;6,09
2013/06/04;30.0;3.4;2013/06/30 00:00;29.17;4.44;4.3;SPUR;31.170; 30,87 ; 18,45 ;0,07;0,08; 0,90 ;15.91; 1 928,00 ;6,09
2013/06/11;29.36;3.47;2013/06/30 00:00;29.17;4.44;4.3;SPUR;31.171; 19,29 ; 15,68 ;0,07;0,08; 0,91 ;15.91; 1 928,00 ;6,09
2013/06/18;29.3;3.48;2013/06/30 00:00;29.17;4.44;4.3;SPUR;31.172; 18,43 ; 18,67 ;0,07;0,08; 0,87 ;15.91; 1 908,00 ;6,09
2013/06/25;26.3;3.88;2013/06/30 00:00;29.17;4.44;4.3;SPUR;31.173; 16,63 ; 14,79 ;0,07;0,08; 1,02 ;15.91; 1 908,00 ;6,09
2013/07/02;28.5;3.58;2014/06/30 00:00;27.24;5.8;5.52;SPUR;31.174; 14,64 ; 12,66 ;0,07;0,08; 1,12 ;15.91; 1 908,00 ;6,09
2013/07/09;28.4;3.59;2014/06/30 00:00;27.24;5.8;5.52;SPUR;31.175; 12,09 ; 12,70 ;0,07;0,08; 1,13 ;15.91; 1 908,00 ;6,09
2013/07/16;28.3;3.6;2014/06/30 00:00;27.24;5.8;5.52;SPUR;31.176; 11,31 ; 11,41 ;0,07;0,08; 1,11 ;15.91; 1 908,00 ;6,09
2013/07/23;28.8;3.54;2014/06/30 00:00;27.24;5.8;5.52;SPUR;31.177; 17,56 ; 7,57 ;0,07;0,08; 1,03 ;15.91; 1 908,00 ;6,09
2013/07/30;30.0;3.4;2014/06/30 00:00;27.24;5.8;5.52;SPUR;31.178; 16,65 ; 11,01 ;0,07;0,08; 1,01 ;15.91; 2 319,00 ;6,09
2013/08/06;33.19;3.07;2014/06/30 00:00;27.24;5.8;5.52;SPUR;31.179; 17,16 ; 14,18 ;0,07;0,08; 1,01 ;15.91; 2 319,00 ;6,09
2013/08/13;33.95;3.0;2014/06/30 00:00;27.24;5.8;5.52;SPUR;31.180; 7,93 ; 9,04 ;0,07;0,08; 1,87 ;15.91; 2 319,00 ;6,09
2013/08/20;33.85;3.01;2014/06/30 00:00;27.24;5.8;5.52;SPUR;31.181; 19,76 ; 12,47 ;0,07;0,08; 1,87 ;15.91; 2 319,00 ;6,09
2013/08/27;33.5;3.04;2014/06/30 00:00;27.24;5.8;5.52;SPUR;31.182; 11,81 ; 10,23 ;0,07;0,08; 1,87 ;15.91; 2 319,00 ;6,09
2013/09/03;33.36;3.06;2014/06/30 00:00;27.24;5.8;5.52;SPUR;31.183; 14,00 ; 10,25 ;0,07;0,08; 1,85 ;15.91; 2 319,00 ;6,09
2013/09/10;32.2;3.17;2014/06/30 00:00;27.24;5.8;5.52;SPUR;31.184; 16,26 ; 13,91 ;0,07;0,08; 1,84 ;15.91; 2 319,00 ;6,09
2013/09/17;31.01;3.58;2014/06/30 00:00;27.24;5.8;5.52;SPUR;31.185; 17,09 ; 17,52 ;0,07;0,08; 1,83 ;15.91; 2 404,00 ;6,09
2013/09/24;30.91;3.59;2014/06/30 00:00;27.24;5.8;5.52;SPUR;31.186; 11,67 ; 15,79 ;0,07;0,08; 1,65 ;15.91; 2 404,00 ;6,09
2013/10/01;30.75;3.61;2014/06/30 00:00;27.24;5.8;5.52;SPUR;31.187; 13,01 ; 20,24 ;0,07;0,08; 2,18 ;15.91; 2 404,00 ;6,09
2013/10/08;30.1;3.69;2014/06/30 00:00;27.24;5.8;5.52;SPUR;31.188; 11,99 ; 16,70 ;0,07;0,08; 2,25 ;15.91; 2 404,00 ;6,09
2013/10/15;29.62;3.75;2014/06/30 00:00;27.24;5.8;5.52;SPUR;31.189; 14,24 ; 19,21 ;0,07;0,08; 1,52 ;15.91; 2 404,00 ;6,09
2013/10/22;30.0;3.7;2014/06/30 00:00;27.24;5.8;5.52;SPUR;31.190; 9,90 ; 18,45 ;0,07;0,08; 1,48 ;15.91; 2 404,00 ;6,09
2013/10/29;31.4;3.54;2014/06/30 00:00;27.24;5.8;5.52;SPUR;31.191; 19,42 ; 15,68 ;0,07;0,08; 1,39 ;15.91; 2 404,00 ;6,09
2013/11/05;31.69;3.5;2014/06/30 00:00;27.24;5.8;5.52;SPUR;31.192; 14,33 ; 18,67 ;0,07;0,08; 1,48 ;15.91; 2 738,00 ;6,09
2013/11/12;31.3;3.55;2014/06/30 00:00;27.24;5.8;5.52;SPUR;31.193; 11,93 ; 14,79 ;0,07;0,08; 1,26 ;15.91; 2 738,00 ;6,09
2013/11/19;31.74;3.5;2014/06/30 00:00;27.24;5.8;5.52;SPUR;31.194; 17,99 ; 12,66 ;0,07;0,08; 1,27 ;15.91; 2 738,00 ;6,09
2013/11/26;30.09;3.69;2014/06/30 00:00;27.24;5.8;5.52;SPUR;31.195; 17,48 ; 12,70 ;0,07;0,08; 1,03 ;15.91; 2 738,00 ;6,09
2013/12/03;28.86;3.85;2014/06/30 00:00;27.24;5.8;5.52;SPUR;31.196; 19,13 ; 11,41 ;0,07;0,08; 1,14 ;15.91; 2 738,00 ;6,09
2013/12/10;30.0;3.7;2014/06/30 00:00;27.24;5.8;5.52;SPUR;31.197; 30,87 ; 7,57 ;0,07;0,08; 1,07 ;15.91; 2 738,00 ;6,09
2013/12/17;29.8;3.72;2014/06/30 00:00;27.24;5.8;5.52;SPUR;31.198; 19,29 ; 11,01 ;0,07;0,08; 0,92 ;15.91; 2 738,00 ;6,09
2013/12/24;30.89;3.59;2014/06/30 00:00;27.24;5.8;5.52;SPUR;31.199; 18,43 ; 14,18 ;0,07;0,08; 0,81 ;15.91; 2 920,00 ;6,09
2013/12/31;29.99;3.7;2014/06/30 00:00;27.24;5.8;5.52;SPUR;31.200; 16,63 ; 9,04 ;0,07;0,08; 0,74 ;15.91; 2 920,00 ;6,09
2014/01/07;30.0;3.7;2014/06/30 00:00;27.24;5.8;5.52;SPUR;31.201; 14,64 ; 12,47 ;0,07;0,08; 0,65 ;15.91; 2 920,00 ;6,09
2014/01/14;31.0;3.58;2014/06/30 00:00;27.24;5.8;5.52;SPUR;31.202; 12,09 ; 10,23 ;0,07;0,08; 0,69 ;15.91; 2 920,00 ;6,09
2014/01/21;30.8;3.6;2014/06/30 00:00;27.24;5.8;5.52;SPUR;31.203; 11,31 ; 10,25 ;0,07;0,08; 0,66 ;15.91; 2 920,00 ;6,09
2014/01/28;31.2;3.56;2014/06/30 00:00;27.24;5.8;5.52;SPUR;31.204; 17,56 ; 13,91 ;0,07;0,08; 0,27 ;15.91; 2 920,00 ;6,09
2014/02/04;31.0;3.58;2014/06/30 00:00;27.24;5.8;5.52;SPUR;31.205; 16,65 ; 17,52 ;0,07;0,08; 0,25 ;15.91; 2 920,00 ;6,09
2014/02/11;32.7;3.39;2014/06/30 00:00;27.24;5.8;5.52;SPUR;31.206; 17,16 ; 15,79 ;0,07;0,08; 0,18 ;15.91; 3 279,00 ;6,09
2014/02/18;33.6;3.3;2014/06/30 00:00;27.24;5.8;5.52;SPUR;31.207; 7,93 ; 20,24 ;0,07;0,08; 0,18 ;15.91; 3 279,00 ;6,09
2014/02/25;32.8;3.38;2014/06/30 00:00;27.24;5.8;5.52;SPUR;31.208; 19,76 ; 16,70 ;0,07;0,08; 0,15 ;15.91; 3 279,00 ;6,09
2014/03/04;29.65;3.81;2014/06/30 00:00;27.24;5.8;5.52;SPUR;31.209; 11,81 ; 19,21 ;0,07;0,08; 0,15 ;15.91; 3 279,00 ;6,09
2014/03/11;29.2;3.87;2014/06/30 00:00;27.24;5.8;5.52;SPUR;31.210; 14,00 ; 18,45 ;0,07;0,08; 0,06 ;15.91; 3 279,00 ;6,09
2014/03/18;28.85;3.92;2014/06/30 00:00;27.24;5.8;5.52;SPUR;31.211; 16,26 ; 15,68 ;0,07;0,08; 0,07 ;15.91; 3 279,00 ;6,09
2014/03/25;29.4;3.84;2014/06/30 00:00;27.24;5.8;5.52;SPUR;31.212; 17,09 ; 18,67 ;0,07;0,08; 0,07 ;15.91; 3 279,00 ;6,09
2014/04/01;28.0;4.04;2014/06/30 00:00;27.24;5.8;5.52;SPUR;31.213; 11,67 ; 14,79 ;0,07;0,08;-0,02 ;15.91; 3 551,00 ;6,09
2014/04/08;28.45;3.97;2014/06/30 00:00;27.24;5.8;5.52;SPUR;31.214; 13,01 ; 12,66 ;0,07;0,08;-0,01 ;15.91; 734,79 ;6,09
2014/04/15;29.85;3.79;2014/06/30 00:00;27.24;5.8;5.52;SPUR;31.215; 11,99 ; 12,70 ;0,07;0,08;-0,02 ;15.91; 734,79 ;6,09
2014/04/22;30.0;3.77;2014/06/30 00:00;27.24;5.8;5.52;SPUR;31.216; 14,24 ; 11,41 ;0,07;0,08;-0,24 ;15.91; 734,79 ;6,09
2014/04/29;30.0;3.77;2014/06/30 00:00;27.24;5.8;5.52;SPUR;309.50; 9,90 ; 7,57 ;0,07;0,08;-0,20 ;15.91; 734,79 ;6,09
2014/05/06;29.51;3.83;2014/06/30 00:00;27.24;5.8;5.52;SPUR;309.51; 19,42 ; 11,01 ;0,07;0,08;-0,18 ;15.91; 734,79 ;6,09
2014/05/13;29.99;3.77;2014/06/30 00:00;27.24;5.8;5.52;SPUR;309.52; 14,33 ; 14,18 ;0,07;0,08;-0,13 ;25.03; 734,79 ;6,09
2014/05/20;29.65;3.81;2014/06/30 00:00;27.24;5.8;5.52;SPUR;309.53; 11,93 ; 9,04 ;0,07;0,08;-0,14 ;25.03; 734,79 ;6,09
2014/05/27;30.3;3.73;2014/06/30 00:00;27.24;5.8;5.52;SPUR;309.54; 17,99 ; 12,47 ;0,07;0,08;-0,07 ;25.03; 806,00 ;6,09
2014/06/03;31.9;3.54;2014/06/30 00:00;27.24;5.8;5.52;SPUR;309.55; 17,48 ; 10,23 ;0,07;0,08; 0,02 ;25.03; 806,00 ;6,09
2014/06/10;32.0;3.53;2014/06/30 00:00;27.24;5.8;5.52;SPUR;309.56; 19,13 ; 10,25 ;0,07;0,08; 0,06 ;25.03; 806,00 ;6,09
2014/06/17;32.02;3.53;2014/06/30 00:00;27.24;5.8;5.52;SPUR;309.57; 30,87 ; 13,91 ;0,07;0,08; 0,11 ;25.03; 806,00 ;6,09
2014/06/24;30.5;3.7;2014/06/30 00:00;27.24;5.8;5.52;SPUR;309.58; 19,29 ; 17,52 ;0,07;0,08; 0,10 ;25.03; 806,00 ;6,09
2014/07/01;32.71;3.45;2015/06/30 00:00;18.61;2.64;2.55;SPUR;309.59; 18,43 ; 15,79 ;0,07;0,08; 0,16 ;25.03; 806,00 ;6,09
2014/07/08;30.61;3.69;2015/06/30 00:00;18.61;2.64;2.55;SPUR;309.60; 16,63 ; 20,24 ;0,07;0,08; 0,16 ;25.03; 806,00 ;6,09
2014/07/15;30.8;3.67;2015/06/30 00:00;18.61;2.64;2.55;SPUR;309.61; 14,64 ; 16,70 ;0,07;0,08; 0,46 ;25.03; 885,47 ;6,09
2014/07/22;30.55;3.7;2015/06/30 00:00;18.61;2.64;2.55;SPUR;309.62; 12,09 ; 19,21 ;0,07;0,08; 0,40 ;25.03; 885,47 ;6,09
2014/07/29;31.65;3.57;2015/06/30 00:00;18.61;2.64;2.55;SPUR;309.63; 11,31 ; 18,45 ;0,07;0,08; 0,39 ;25.03; 885,47 ;6,09
2014/08/05;31.5;3.59;2015/06/30 00:00;18.61;2.64;2.55;SPUR;309.64; 17,56 ; 15,68 ;0,07;0,08; 0,39 ;25.03; 885,47 ;6,09
2014/08/12;30.83;3.67;2015/06/30 00:00;18.61;2.64;2.55;SPUR;309.65; 16,65 ; 18,67 ;0,07;0,08; 0,41 ;25.03; 885,47 ;6,09
2014/08/19;29.62;3.81;2015/06/30 00:00;18.61;2.64;2.55;SPUR;309.66; 17,16 ; 14,79 ;0,07;0,08; 0,37 ;25.03; 885,47 ;6,09
2014/08/26;30.0;3.77;2015/06/30 00:00;18.61;2.64;2.55;SPUR;309.67; 7,93 ; 12,66 ;0,07;0,08; 0,45 ;25.03; 954,50 ;6,09
2014/09/02;29.75;3.8;2015/06/30 00:00;18.61;2.64;2.55;SPUR;309.68; 19,76 ; 12,70 ;0,07;0,08; 0,44 ;25.03; 954,50 ;6,09
2014/09/09;29.71;3.8;2015/06/30 00:00;18.61;2.64;2.55;SPUR;309.69; 11,81 ; 11,41 ;0,07;0,08; 0,43 ;25.03; 954,50 ;6,09
2014/09/16;31.61;3.83;2015/06/30 00:00;18.61;2.64;2.55;SPUR;309.70; 14,00 ; 7,57 ;0,07;0,08; 0,53 ;25.03; 954,50 ;6,09
2014/09/23;31.78;3.81;2015/06/30 00:00;18.61;2.64;2.55;SPUR;309.71; 16,26 ; 11,01 ;0,07;0,08; 0,50 ;25.03; 954,50 ;6,09
2014/09/30;31.1;3.89;2015/06/30 00:00;18.61;2.64;2.55;SPUR;309.72; 17,09 ; 14,18 ;0,07;0,08; 0,61 ;25.03; 954,50 ;6,09
2014/10/07;31.05;3.9;2015/06/30 00:00;18.61;2.64;2.55;SPUR;309.73; 11,67 ; 9,04 ;0,07;0,08; 0,61 ;25.03; 954,50 ;6,09
2014/10/14;31.1;3.89;2015/06/30 00:00;18.61;2.64;2.55;SPUR;309.74; 13,01 ; 12,47 ;0,07;0,08; 0,56 ;25.03; 1 057,57 ;6,09
2014/10/21;30.4;3.98;2015/06/30 00:00;18.61;2.64;2.55;SPUR;309.75; 11,99 ; 10,23 ;0,07;0,08; 0,51 ;25.03; 1 057,57 ;6,09
2014/10/28;30.0;4.03;2015/06/30 00:00;18.61;2.64;2.55;SPUR;309.76; 14,24 ; 10,25 ;0,07;0,08; 0,54 ;25.03; 1 057,57 ;6,09
2014/11/04;31.5;3.84;2015/06/30 00:00;18.61;2.64;2.55;SPUR;309.77; 9,90 ; 13,91 ;0,07;0,08; 0,58 ;25.03; 1 057,57 ;6,09
2014/11/11;31.21;3.88;2015/06/30 00:00;18.61;2.64;2.55;SPUR;309.78; 19,42 ; 17,52 ;0,07;0,08; 0,72 ;25.03; 1 057,57 ;6,09
2014/11/18;31.5;3.84;2015/06/30 00:00;18.61;2.64;2.55;SPUR;309.79; 14,33 ; 15,79 ;0,07;0,08; 0,72 ;25.03; 1 057,57 ;6,09
2014/11/25;32.0;3.78;2015/06/30 00:00;18.61;2.64;2.55;SPUR;309.80; 11,93 ; 20,24 ;0,07;0,08; 0,71 ;25.03; 1 185,90 ;6,09
2014/12/02;31.1;3.89;2015/06/30 00:00;18.61;2.64;2.55;SPUR;309.81; 17,99 ; 16,70 ;0,07;0,08; 0,68 ;25.03; 1 185,90 ;6,09
2014/12/09;30.39;3.98;2015/06/30 00:00;18.61;2.64;2.55;SPUR;309.82; 17,48 ; 19,21 ;0,07;0,08; 0,65 ;25.03; 1 185,90 ;6,09
2014/12/16;30.69;3.94;2015/06/30 00:00;18.61;2.64;2.55;SPUR;309.83; 19,13 ; 18,45 ;0,07;0,08; 0,70 ;25.03; 1 185,90 ;6,09
2014/12/23;31.0;3.9;2015/06/30 00:00;18.61;2.64;2.55;SPUR;25.08; 30,87 ; 15,68 ;0,07;0,08; 0,71 ;25.03; 1 185,90 ;6,09
2014/12/30;31.29;3.87;2015/06/30 00:00;18.61;2.64;2.55;SPUR;25.09; 19,29 ; 18,67 ;0,07;0,08; 0,87 ;25.03; 1 185,90 ;6,09
2015/01/06;31.9;3.79;2015/06/30 00:00;18.61;2.64;2.55;SPUR;25.10; 18,43 ; 14,79 ;0,07;0,08; 0,86 ;25.03; 1 335,00 ;6,09
2015/01/13;32.85;3.68;2015/06/30 00:00;18.61;2.64;2.55;SPUR;25.11; 16,63 ; 12,66 ;0,07;0,08; 0,90 ;25.03; 1 335,00 ;6,09
2015/01/20;34.4;3.52;2015/06/30 00:00;18.61;2.64;2.55;SPUR;25.12; 14,64 ; 12,70 ;0,07;0,08; 0,91 ;25.03; 1 335,00 ;6,09
2015/01/27;35.85;3.38;2015/06/30 00:00;18.61;2.64;2.55;SPUR;25.13; 12,09 ; 11,41 ;0,07;0,08; 0,87 ;25.03; 1 335,00 ;6,09
2015/02/03;38.5;3.14;2015/06/30 00:00;18.61;2.64;2.55;SPUR;25.14; 11,31 ; 7,57 ;0,07;0,08; 1,02 ;25.03; 1 335,00 ;6,09
2015/02/10;38.7;3.13;2015/06/30 00:00;18.61;2.64;2.55;SPUR;25.15; 17,56 ; 11,01 ;0,07;0,08; 1,12 ;25.03; 1 335,00 ;6,09
2015/02/17;37.5;3.23;2015/06/30 00:00;18.61;2.64;2.55;SPUR;25.16; 16,65 ; 14,18 ;0,07;0,08; 1,13 ;25.03; 1 480,50 ;6,09
2015/02/24;36.2;3.34;2015/06/30 00:00;18.61;2.64;2.55;SPUR;25.17; 17,16 ; 9,04 ;0,07;0,08; 1,11 ;25.03; 1 480,50 ;6,09
2015/03/03;36.1;3.49;2015/06/30 00:00;18.61;2.64;2.55;SPUR;25.18; 7,93 ; 12,47 ;0,07;0,08; 1,03 ;25.03; 1 480,50 ;6,09
2015/03/10;34.7;3.63;2015/06/30 00:00;18.61;2.64;2.55;SPUR;25.19; 19,76 ; 10,23 ;0,07;0,08; 1,01 ;25.03; 1 480,50 ;6,09
2015/03/17;33.25;3.79;2015/06/30 00:00;18.61;2.64;2.55;SPUR;25.20; 11,81 ; 10,25 ;0,07;0,08; 1,01 ;25.03; 1 480,50 ;6,09
2015/03/24;33.0;3.82;2015/06/30 00:00;18.61;2.64;2.55;SPUR;25.21; 14,00 ; 13,91 ;0,07;0,08; 1,87 ;25.03; 1 480,50 ;6,09
2015/03/31;33.58;3.75;2015/06/30 00:00;18.61;2.64;2.55;SPUR;25.22; 16,26 ; 17,52 ;0,07;0,08; 1,87 ;25.03; 1 500,40 ;6,09
2015/04/07;33.36;3.78;2015/06/30 00:00;18.61;2.64;2.55;SPUR;25.23; 17,09 ; 15,79 ;0,07;0,08; 1,87 ;25.03; 1 500,40 ;6,09
2015/04/14;34.4;3.66;2015/06/30 00:00;18.61;2.64;2.55;SPUR;25.24; 11,67 ; 20,24 ;0,07;0,08; 1,85 ;25.03; 1 500,40 ;6,09
2015/04/21;34.01;3.7;2015/06/30 00:00;18.61;2.64;2.55;SPUR;25.25; 13,01 ; 16,70 ;0,07;0,08; 1,84 ;25.03; 1 500,40 ;6,09
2015/04/28;34.56;3.65;2015/06/30 00:00;18.61;2.64;2.55;SPUR;25.26; 11,99 ; 19,21 ;0,07;0,08; 1,83 ;11.68; 1 500,40 ;6,09
2015/05/05;37.01;3.4;2015/06/30 00:00;18.61;2.64;2.55;SPUR;25.27; 14,24 ; 18,45 ;0,07;0,08; 1,65 ;11.68; 1 500,40 ;6,09
2015/05/12;39.15;3.22;2015/06/30 00:00;18.61;2.64;2.55;SPUR;25.28; 9,90 ; 15,68 ;0,07;0,08; 2,18 ;11.68; 1 703,80 ;6,09
2015/05/19;39.79;3.17;2015/06/30 00:00;18.61;2.64;2.55;SPUR;25.29; 19,42 ; 18,67 ;0,07;0,08; 2,25 ;11.68; 1 703,80 ;6,09
2015/05/26;39.61;3.18;2015/06/30 00:00;18.61;2.64;2.55;SPUR;25.30; 14,33 ; 14,79 ;0,07;0,08; 1,52 ;11.68; 1 703,80 ;6,09
2015/06/02;37.5;3.36;2015/06/30 00:00;18.61;2.64;2.55;SPUR;25.31; 11,93 ; 12,66 ;0,07;0,08; 1,48 ;11.68; 1 703,80 ;6,09
2015/06/09;36.45;3.46;2015/06/30 00:00;18.61;2.64;2.55;SPUR;25.32; 17,99 ; 12,70 ;0,07;0,08; 1,39 ;11.68; 1 703,80 ;6,09
2015/06/16;38.0;3.32;2015/06/30 00:00;18.61;2.64;2.55;SPUR;25.33; 17,48 ; 11,41 ;0,07;0,08; 1,48 ;11.68; 1 703,80 ;6,09
2015/06/23;35.7;3.53;2015/06/30 00:00;18.61;2.64;2.55;SPUR;25.34; 19,13 ; 7,57 ;0,07;0,08; 1,26 ;11.68; 1 836,00 ;6,09
2015/06/30;36.67;3.44;2015/06/30 00:00;18.61;2.64;2.55;SPUR;25.35; 30,87 ; 11,01 ;0,07;0,08; 1,27 ;11.68; 1 836,00 ;6,09
2015/07/07;35.9;3.51;2016/06/30 00:00;15.98;3.16;3.02;SPUR;25.36; 19,29 ; 14,18 ;0,07;0,08; 1,03 ;11.68; 1 836,00 ;6,09
2015/07/14;35.6;3.54;2016/06/30 00:00;15.98;3.16;3.02;SPUR;25.37; 18,43 ; 9,04 ;0,07;0,08; 1,14 ;11.68; 1 836,00 ;6,09
2015/07/21;35.8;3.52;2016/06/30 00:00;15.98;3.16;3.02;SPUR;25.38; 16,63 ; 12,47 ;0,07;0,08; 1,07 ;11.68; 1 836,00 ;6,09
2015/07/28;37.39;3.37;2016/06/30 00:00;15.98;3.16;3.02;SPUR;25.39; 14,64 ; 10,23 ;0,07;0,08; 0,92 ;11.68; 1 836,00 ;6,09
2015/08/04;36.51;3.45;2016/06/30 00:00;15.98;3.16;3.02;SPUR;25.40; 12,09 ; 10,25 ;0,07;0,08; 0,81 ;11.68; 1 836,00 ;6,09
2015/08/11;37.43;3.37;2016/06/30 00:00;15.98;3.16;3.02;SPUR;25.41; 11,31 ; 13,91 ;0,07;0,08; 0,74 ;11.68; 1 928,00 ;6,09
2015/08/18;36.78;3.43;2016/06/30 00:00;15.98;3.16;3.02;SPUR;25.42; 17,56 ; 17,52 ;0,07;0,08; 0,65 ;11.68; 1 928,00 ;6,09
2015/08/25;35.2;3.58;2016/06/30 00:00;15.98;3.16;3.02;SPUR;25.43; 16,65 ; 15,79 ;0,07;0,08; 0,69 ;11.68; 1 928,00 ;6,09
2015/09/01;35.5;3.55;2016/06/30 00:00;15.98;3.16;3.02;SPUR;25.44; 17,16 ; 20,24 ;0,07;0,08; 0,66 ;11.68; 1 928,00 ;6,09
2015/09/08;35.01;3.6;2016/06/30 00:00;15.98;3.16;3.02;SPUR;25.45; 7,93 ; 16,70 ;0,07;0,08; 0,27 ;38.91; 1 928,00 ;6,09
2015/09/15;34.84;3.79;2016/06/30 00:00;15.98;3.16;3.02;SPUR;25.46; 19,76 ; 19,21 ;0,07;0,08; 0,25 ;38.91; 1 928,00 ;6,09
2015/09/22;34.48;3.83;2016/06/30 00:00;15.98;3.16;3.02;SPUR;25.47; 11,81 ; 18,45 ;0,07;0,08; 0,18 ;38.91; 1 908,00 ;6,09
2015/09/29;33.5;3.94;2016/06/30 00:00;15.98;3.16;3.02;SPUR;25.48; 14,00 ; 15,68 ;0,07;0,08; 0,18 ;38.91; 1 908,00 ;6,09
2015/10/06;33.65;3.92;2016/06/30 00:00;15.98;3.16;3.02;SPUR;25.49; 16,26 ; 18,67 ;0,07;0,08; 0,15 ;38.91; 1 908,00 ;6,09
2015/10/13;33.1;3.99;2016/06/30 00:00;15.98;3.16;3.02;SPUR;93.61; 17,09 ; 14,79 ;0,07;0,08; 0,15 ;38.91; 1 908,00 ;6,09
2015/10/20;33.5;3.94;2016/06/30 00:00;15.98;3.16;3.02;SPUR;93.62; 11,67 ; 12,66 ;0,07;0,08; 0,06 ;38.91; 1 908,00 ;6,09
2015/10/27;33.5;3.94;2016/06/30 00:00;15.98;3.16;3.02;SPUR;93.63; 13,01 ; 12,70 ;0,07;0,08; 0,07 ;38.91; 1 908,00 ;6,09
2015/11/03;34.0;3.88;2016/06/30 00:00;15.98;3.16;3.02;SPUR;93.64; 11,99 ; 11,41 ;0,07;0,08; 0,07 ;38.91; 2 319,00 ;6,09
2015/11/10;33.65;3.92;2016/06/30 00:00;15.98;3.16;3.02;SPUR;93.65; 14,24 ; 7,57 ;0,07;0,08;-0,02 ;38.91; 2 319,00 ;6,09
2015/11/17;33.0;4.0;2016/06/30 00:00;15.98;3.16;3.02;SPUR;93.66; 9,90 ; 11,01 ;0,07;0,08;-0,01 ;38.91; 2 319,00 ;6,09
2015/11/24;33.5;3.94;2016/06/30 00:00;15.98;3.16;3.02;SPUR;93.67; 19,42 ; 14,18 ;0,07;0,08;-0,02 ;38.91; 2 319,00 ;6,09
2015/12/01;33.2;3.98;2016/06/30 00:00;15.98;3.16;3.02;SPUR;93.68; 14,33 ; 9,04 ;0,07;0,08;-0,24 ;38.91; 2 319,00 ;6,09
2015/12/08;32.25;4.09;2016/06/30 00:00;15.98;3.16;3.02;SPUR;93.69; 11,93 ; 12,47 ;0,07;0,08;-0,20 ;38.91; 2 319,00 ;6,09
2015/12/15;30.0;4.4;2016/06/30 00:00;15.98;3.16;3.02;SPUR;93.70; 17,99 ; 10,23 ;0,07;0,08;-0,18 ;38.91; 2 319,00 ;6,09
2015/12/22;31.75;4.16;2016/06/30 00:00;15.98;3.16;3.02;SPUR;93.71; 17,48 ; 10,25 ;0,07;0,08;-0,13 ;38.91; 2 404,00 ;6,09
2015/12/29;33.5;3.94;2016/06/30 00:00;15.98;3.16;3.02;SPUR;93.72; 19,13 ; 13,91 ;0,07;0,08;-0,14 ;38.91; 2 404,00 ;6,09
2016/01/05;32.0;4.12;2016/06/30 00:00;15.98;3.16;3.02;SPUR;93.73; 30,87 ; 17,52 ;0,07;0,08;-0,07 ;38.91; 2 404,00 ;6,09
2016/01/12;31.12;4.24;2016/06/30 00:00;15.98;3.16;3.02;SPUR;93.74; 19,29 ; 15,79 ;0,07;0,08; 0,02 ;38.91; 2 404,00 ;6,34
2016/01/19;30.08;4.39;2016/06/30 00:00;15.98;3.16;3.02;SPUR;93.75; 18,43 ; 20,24 ;0,07;0,08; 0,06 ;38.91; 2 404,00 ;6,34
2016/01/26;30.0;4.4;2016/06/30 00:00;15.98;3.16;3.02;SPUR;93.76; 16,63 ; 16,70 ;0,07;0,08; 0,11 ;38.91; 2 404,00 ;6,34
2016/02/02;29.0;4.55;2016/06/30 00:00;15.98;3.16;3.02;SPUR;93.77; 14,64 ; 19,21 ;0,07;0,08; 0,10 ;38.91; 2 404,00 ;6,34
2016/02/09;29.0;4.55;2016/06/30 00:00;15.98;3.16;3.02;SPUR;93.78; 12,09 ; 18,45 ;0,07;0,08; 0,16 ;38.91; 2 738,00 ;6,34
2016/02/16;29.11;4.53;2016/06/30 00:00;15.98;3.16;3.02;SPUR;93.79; 11,31 ; 15,68 ;0,07;0,08; 0,16 ;38.91; 2 738,00 ;6,34
2016/02/23;28.75;4.59;2016/06/30 00:00;15.98;3.16;3.02;SPUR;93.80; 17,56 ; 18,67 ;0,07;0,08; 0,46 ;38.91; 2 738,00 ;6,34
2016/03/01;29.89;4.58;2016/06/30 00:00;15.98;3.16;3.02;SPUR;93.81; 16,65 ; 14,79 ;0,07;0,08; 0,40 ;38.91; 2 738,00 ;6,34
2016/03/08;29.5;4.64;2016/06/30 00:00;15.98;3.16;3.02;SPUR;93.82; 17,16 ; 12,66 ;0,07;0,08; 0,39 ;38.91; 2 738,00 ;6,34
2016/03/15;28.3;4.84;2016/06/30 00:00;15.98;3.16;3.02;SPUR;93.83; 7,93 ; 12,70 ;0,07;0,08; 0,39 ;38.91; 2 738,00 ;6,34
2016/03/22;29.0;4.72;2016/06/30 00:00;15.98;3.16;3.02;SPUR;93.84; 19,76 ; 11,41 ;0,07;0,08; 0,41 ;38.91; 2 738,00 ;6,34
2016/03/29;28.8;4.76;2016/06/30 00:00;15.98;3.16;3.02;SPUR;93.85; 11,81 ; 7,57 ;0,07;0,08; 0,37 ;38.91; 2 920,00 ;6,34
2016/04/05;28.79;4.76;2016/06/30 00:00;15.98;3.16;3.02;SPUR;93.86; 14,00 ; 11,01 ;0,07;0,08; 0,45 ;38.91; 2 920,00 ;6,34
2016/04/12;29.89;4.58;2016/06/30 00:00;15.98;3.16;3.02;SPUR;93.87; 16,26 ; 14,18 ;0,07;0,08; 0,44 ;38.91; 2 920,00 ;6,34
2016/04/19;30.31;4.52;2016/06/30 00:00;15.98;3.16;3.02;SPUR;93.88; 17,09 ; 9,04 ;0,07;0,08; 0,43 ;38.91; 2 920,00 ;6,34
2016/04/26;31.6;4.34;2016/06/30 00:00;15.98;3.16;3.02;SPUR;93.89; 11,67 ; 12,47 ;0,07;0,08; 0,53 ;38.91; 2 920,00 ;6,34
2016/05/03;32.5;4.22;2016/06/30 00:00;15.98;3.16;3.02;SPUR;93.90; 13,01 ; 10,23 ;0,07;0,08; 0,50 ;38.91; 2 920,00 ;6,34
2016/05/10;32.3;4.24;2016/06/30 00:00;15.98;3.16;3.02;SPUR;93.91; 11,99 ; 10,25 ;0,07;0,08; 0,61 ;38.91; 2 920,00 ;6,34
2016/05/17;30.6;4.48;2016/06/30 00:00;15.98;3.16;3.02;SPUR;93.92; 14,24 ; 13,91 ;0,07;0,08; 0,61 ;38.91; 3 279,00 ;6,34
2016/05/24;31.5;4.35;2016/06/30 00:00;15.98;3.16;3.02;SPUR;93.93; 9,90 ; 17,52 ;0,07;0,08; 0,56 ;38.91; 3 279,00 ;6,34
2016/05/31;31.0;4.42;2016/06/30 00:00;15.98;3.16;3.02;SPUR;93.94; 19,42 ; 15,79 ;0,07;0,08; 0,51 ;38.91; 3 279,00 ;6,34
2016/06/07;32.0;4.28;2016/06/30 00:00;15.98;3.16;3.02;SPUR;93.95; 14,33 ; 20,24 ;0,07;0,08; 0,54 ;38.91; 3 279,00 ;6,34
2016/06/14;32.2;4.25;2016/06/30 00:00;15.98;3.16;3.02;SPUR;93.96; 11,93 ; 16,70 ;0,07;0,08; 0,58 ;38.91; 3 279,00 ;6,34
2016/06/21;31.5;4.35;2016/06/30 00:00;15.98;3.16;3.02;SPUR;93.97; 17,99 ; 19,21 ;0,07;0,08; 0,72 ;38.91; 3 279,00 ;6,34
2016/06/28;31.0;4.42;2016/06/30 00:00;15.98;3.16;3.02;SPUR;93.98; 17,48 ; 18,45 ;0,07;0,08; 0,72 ;38.91; 3 279,00 ;6,34
2016/07/05;30.5;4.49;2017/06/30 00:00;16.01;1.38;1.34;SPUR;93.99; 19,13 ; 15,68 ;0,07;0,08; 0,71 ;38.91; 3 551,00 ;6,34
2016/07/12;30.3;4.52;2017/06/30 00:00;16.01;1.38;1.34;SPUR;93.100; 30,87 ; 18,67 ;0,07;0,08; 0,68 ;38.91; 734,79 ;6,34
2016/07/19;30.9;4.43;2017/06/30 00:00;16.01;1.38;1.34;SPUR;93.101; 19,29 ; 14,79 ;0,07;0,08; 0,65 ;38.91; 734,79 ;6,34
2016/07/26;32.1;4.27;2017/06/30 00:00;16.01;1.38;1.34;SPUR;93.102; 18,43 ; 12,66 ;0,07;0,08; 0,70 ;38.91; 734,79 ;6,34
2016/08/02;32.0;4.28;2017/06/30 00:00;16.01;1.38;1.34;SPUR;93.103; 16,63 ; 12,70 ;0,07;0,08; 0,71 ;38.91; 734,79 ;6,34
2016/08/09;31.08;4.41;2017/06/30 00:00;16.01;1.38;1.34;SPUR;93.104; 14,64 ; 11,41 ;0,07;0,08; 0,87 ;38.91; 734,79 ;6,34
2016/08/16;32.1;4.27;2017/06/30 00:00;16.01;1.38;1.34;SPUR;93.105; 12,09 ; 17,52 ;0,07;0,08; 0,86 ;38.91; 734,79 ;6,34
2016/08/23;31.65;4.33;2017/06/30 00:00;16.01;1.38;1.34;SPUR;93.106; 11,31 ; 15,79 ;0,07;0,08; 0,90 ;38.91; 734,79 ;6,34
2016/08/30;31.75;4.31;2017/06/30 00:00;16.01;1.38;1.34;SPUR;93.107; 17,56 ; 20,24 ;0,07;0,08; 0,91 ;38.91; 806,00 ;6,34
2016/09/06;31.72;4.32;2017/06/30 00:00;16.01;1.38;1.34;SPUR;93.108; 16,65 ; 16,70 ;0,07;0,08; 0,87 ;15.91; 806,00 ;6,34
2016/09/13;31.62;4.43;2017/06/30 00:00;16.01;1.38;1.34;SPUR;93.109; 17,16 ; 19,21 ;0,07;0,08; 1,02 ;15.91; 806,00 ;6,34
2016/09/20;32.8;4.27;2017/06/30 00:00;16.01;1.38;1.34;SPUR;93.110; 7,93 ; 18,45 ;0,07;0,08; 1,12 ;15.91; 806,00 ;6,34
2016/09/27;33.16;4.22;2017/06/30 00:00;16.01;1.38;1.34;SPUR;93.111; 19,76 ; 15,68 ;0,07;0,08; 1,13 ;15.91; 806,00 ;6,34
2016/10/04;33.64;4.16;2017/06/30 00:00;16.01;1.38;1.34;SPUR;93.112; 11,81 ; 18,67 ;0,07;0,08; 1,11 ;15.91; 806,00 ;6,34
2016/10/11;33.01;4.24;2017/06/30 00:00;16.01;1.38;1.34;SPUR;93.113; 14,00 ; 14,79 ;0,07;0,08; 1,03 ;15.91; 806,00 ;6,34
2016/10/18;33.0;4.24;2017/06/30 00:00;16.01;1.38;1.34;SPUR;93.114; 16,26 ; 12,66 ;0,07;0,08; 1,01 ;15.91; 885,47 ;6,34
2016/10/25;33.0;4.24;2017/06/30 00:00;16.01;1.38;1.34;SPUR;93.115; 17,09 ; 12,70 ;0,07;0,08; 1,01 ;15.91; 885,47 ;6,34
2016/11/01;31.99;4.38;2017/06/30 00:00;16.01;1.38;1.34;SPUR;93.116; 11,67 ; 11,41 ;0,07;0,08; 1,87 ;15.91; 885,47 ;6,34
2016/11/08;32.0;4.37;2017/06/30 00:00;16.01;1.38;1.34;SPUR;93.117; 13,01 ; 7,57 ;0,07;0,08; 1,87 ;15.91; 885,47 ;6,34
2016/11/15;31.5;4.44;2017/06/30 00:00;16.01;1.38;1.34;SPUR;93.118; 11,99 ; 11,01 ;0,07;0,08; 1,87 ;15.91; 885,47 ;6,34
2016/11/22;32.0;4.37;2017/06/30 00:00;16.01;1.38;1.34;SPUR;93.119; 14,24 ; 14,18 ;0,07;0,08; 1,85 ;15.91; 885,47 ;6,34
2016/11/29;32.51;4.31;2017/06/30 00:00;16.01;1.38;1.34;SPUR;93.120; 9,90 ; 9,04 ;0,07;0,08; 1,84 ;15.91; 954,50 ;6,34
2016/12/06;32.75;4.27;2017/06/30 00:00;16.01;1.38;1.34;SPUR;93.121; 19,42 ; 12,47 ;0,07;0,08; 1,83 ;15.91; 954,50 ;6,34
2016/12/13;32.15;4.35;2017/06/30 00:00;16.01;1.38;1.34;SPUR;93.122; 14,33 ; 10,23 ;0,07;0,08; 1,65 ;15.91; 954,50 ;6,34
2016/12/20;32.87;4.26;2017/06/30 00:00;16.01;1.38;1.34;SPUR;93.123; 11,93 ; 10,25 ;0,07;0,08; 2,18 ;15.91; 954,50 ;6,34
2016/12/27;32.35;4.33;2017/06/30 00:00;16.01;1.38;1.34;SPUR;93.124; 17,99 ; 13,91 ;0,07;0,08; 2,25 ;15.91; 954,50 ;6,34
2017/01/03;32.2;4.35;2017/06/30 00:00;16.01;1.38;1.34;SPUR;93.125; 17,48 ; 17,52 ;0,07;0,08; 1,52 ;15.91; 954,50 ;6,34
2017/01/10;32.17;4.35;2017/06/30 00:00;16.01;1.38;1.34;SPUR;93.126; 19,13 ; 15,79 ;0,07;0,08; 1,48 ;15.91; 954,50 ;6,34
2017/01/17;32.24;4.34;2017/06/30 00:00;16.01;1.38;1.34;SPUR;93.127; 30,87 ; 20,24 ;0,07;0,08; 1,39 ;15.91; 1 057,57 ;6,34
2017/01/24;33.0;4.24;2017/06/30 00:00;16.01;1.38;1.34;SPUR;93.128; 19,29 ; 16,70 ;0,07;0,08; 1,48 ;15.91; 1 057,57 ;6,34
2017/01/31;34.02;4.12;2017/06/30 00:00;16.01;1.38;1.34;SPUR;93.129; 18,43 ; 19,21 ;0,07;0,08; 1,26 ;15.91; 1 057,57 ;6,34
2017/02/07;33.05;4.24;2017/06/30 00:00;16.01;1.38;1.34;SPUR;93.130; 16,63 ; 18,45 ;0,07;0,08; 1,27 ;15.91; 1 057,57 ;6,34
2017/02/14;33.67;4.16;2017/06/30 00:00;16.01;1.38;1.34;SPUR;93.131; 14,64 ; 15,68 ;0,07;0,08; 1,03 ;15.91; 1 057,57 ;6,34
2017/02/21;33.6;4.17;2017/06/30 00:00;16.01;1.38;1.34;SPUR;93.132; 12,09 ; 18,67 ;0,07;0,08; 1,14 ;15.91; 1 057,57 ;6,34
2017/02/28;33.1;4.35;2017/06/30 00:00;16.01;1.38;1.34;SPUR;93.133; 11,31 ; 14,79 ;0,07;0,08; 1,07 ;15.91; 1 185,90 ;6,34
2017/03/07;33.11;4.35;2017/06/30 00:00;16.01;1.38;1.34;SPUR;93.134; 17,56 ; 12,66 ;0,07;0,08; 0,92 ;15.91; 1 185,90 ;6,34
2017/03/14;33.25;4.33;2017/06/30 00:00;16.01;1.38;1.34;SPUR;93.135; 16,65 ; 12,70 ;0,07;0,08; 0,81 ;15.91; 1 185,90 ;6,34
2017/03/21;34.4;4.19;2017/06/30 00:00;16.01;1.38;1.34;SPUR;93.136; 17,16 ; 11,41 ;0,07;0,08; 0,74 ;15.91; 1 185,90 ;6,34
2017/03/28;33.65;4.28;2017/06/30 00:00;16.01;1.38;1.34;SPUR;93.137; 7,93 ; 7,57 ;0,07;0,08; 0,65 ;15.91; 1 185,90 ;6,34
2017/04/04;32.0;4.5;2017/06/30 00:00;16.01;1.38;1.34;SPUR;93.138; 19,76 ; 11,01 ;0,07;0,08; 0,69 ;15.91; 1 185,90 ;6,34
2017/04/11;31.32;4.6;2017/06/30 00:00;16.01;1.38;1.34;SPUR;93.139; 11,81 ; 14,18 ;0,07;0,08; 0,66 ;15.91; 1 335,00 ;6,34
2017/04/18;31.44;4.58;2017/06/30 00:00;16.01;1.38;1.34;SPUR;93.140; 14,00 ; 9,04 ;0,07;0,08; 0,27 ;15.91; 1 335,00 ;6,34
2017/04/25;31.39;4.59;2017/06/30 00:00;16.01;1.38;1.34;SPUR;93.141; 16,26 ; 12,47 ;0,07;0,08; 0,25 ;15.91; 1 335,00 ;6,34
2017/05/02;31.45;4.58;2017/06/30 00:00;16.01;1.38;1.34;SPUR;93.142; 17,09 ; 10,23 ;0,07;0,08; 0,18 ;15.91; 1 335,00 ;6,34
2017/05/09;32.49;4.43;2017/06/30 00:00;16.01;1.38;1.34;SPUR;93.143; 11,67 ; 10,25 ;0,07;0,08; 0,18 ;15.91; 1 335,00 ;6,34
2017/05/16;31.1;4.63;2017/06/30 00:00;16.01;1.38;1.34;SPUR;93.144; 13,01 ; 13,91 ;0,07;0,08; 0,15 ;15.91; 1 335,00 ;6,34
2017/05/23;30.81;4.67;2017/06/30 00:00;16.01;1.38;1.34;SPUR;93.145; 11,99 ; 17,52 ;0,07;0,08; 0,15 ;15.91; 1 480,50 ;6,34
2017/05/30;30.74;4.68;2017/06/30 00:00;16.01;1.38;1.34;SPUR;93.146; 14,24 ; 15,79 ;0,07;0,08; 0,06 ;15.91; 1 480,50 ;6,34
2017/06/06;30.88;4.66;2017/06/30 00:00;16.01;1.38;1.34;SPUR;93.147; 9,90 ; 20,24 ;0,07;0,08; 0,07 ;15.91; 1 480,50 ;6,34
2017/06/13;30.55;4.71;2017/06/30 00:00;16.01;1.38;1.34;SPUR;93.148; 19,42 ; 16,70 ;0,07;0,08; 0,07 ;15.91; 1 480,50 ;6,34
2017/06/20;29.36;4.9;2017/06/30 00:00;16.01;1.38;1.34;SPUR;93.149; 14,33 ; 19,21 ;0,07;0,08;-0,02 ;15.91; 1 480,50 ;6,34
2017/06/27;28.5;5.05;2017/06/30 00:00;16.01;1.38;1.34;SPUR;93.150; 11,93 ; 18,45 ;0,07;0,08;-0,01 ;15.91; 1 480,50 ;6,34


